Height (cm),Weight (kg),Age,Gender,Hair Color,Eye Color,Handedness,Foot Size (cm)
191,60,60,Male,Brown,Hazel,Left,27
168,96,37,Male,Black,Green,Left,26
174,64,74,Male,Red,Hazel,Left,28
153,111,25,Female,Gray,Hazel,Right,21
147,103,24,Female,Gray,Brown,Left,22
141,76,68,Female,Gray,Hazel,Right,27
179,50,36,Male,Gray,Brown,Right,27
199,43,30,Female,Black,Blue,Right,23
140,40,77,Female,Gray,Blue,Right,29
161,53,63,Female,Black,Blue,Left,28
183,78,35,Male,Gray,Brown,Left,20
163,88,52,Female,Red,Brown,Left,21
194,56,71,Female,Brown,Green,Left,23
188,62,79,Male,Brown,Hazel,Right,20
140,77,75,Female,Red,Blue,Left,29
164,105,65,Male,Gray,Blue,Left,29
154,69,51,Female,Red,Brown,Left,25
154,65,36,Female,Gray,Blue,Left,26
142,61,61,Female,Gray,Hazel,Right,30
184,71,20,Female,Blonde,Brown,Right,27
186,70,59,Male,Red,Hazel,Right,28
154,71,78,Female,Blonde,Blue,Left,30
162,59,50,Female,Blonde,Green,Right,30
168,47,69,Male,Black,Hazel,Right,27
192,76,52,Female,Black,Hazel,Right,26
176,75,32,Female,Black,Blue,Left,21
173,107,36,Female,Gray,Blue,Left,21
179,77,32,Female,Brown,Green,Right,23
163,47,51,Male,Gray,Hazel,Left,27
156,77,47,Female,Gray,Brown,Left,25
175,77,54,Male,Brown,Blue,Right,23
179,78,66,Female,Gray,Brown,Left,21
156,65,29,Female,Blonde,Hazel,Right,21
162,114,60,Female,Brown,Hazel,Right,22
172,60,69,Male,Blonde,Hazel,Left,24
154,96,63,Male,Gray,Blue,Left,29
178,40,38,Male,Brown,Hazel,Right,30
143,42,18,Female,Blonde,Green,Left,28
184,95,65,Male,Red,Hazel,Right,27
182,77,36,Female,Black,Green,Right,21
181,74,43,Male,Brown,Hazel,Right,20
179,81,59,Male,Brown,Brown,Right,29
164,106,26,Female,Red,Green,Right,23
177,103,45,Male,Blonde,Brown,Left,26
172,62,44,Female,Gray,Blue,Right,30
155,68,44,Female,Black,Blue,Left,23
179,108,72,Female,Black,Green,Left,22
184,57,57,Female,Red,Hazel,Left,20
193,111,27,Female,Brown,Hazel,Left,30
166,108,58,Male,Gray,Green,Right,30
174,110,60,Male,Brown,Hazel,Right,22
190,43,26,Female,Gray,Blue,Right,23
193,95,27,Male,Blonde,Hazel,Left,25
189,79,76,Female,Black,Green,Left,29
145,46,72,Male,Blonde,Blue,Right,29
166,62,35,Female,Brown,Green,Left,27
172,50,61,Male,Black,Hazel,Left,30
196,61,51,Male,Black,Green,Left,24
175,46,22,Female,Black,Brown,Right,29
167,112,57,Male,Black,Blue,Left,27
158,41,78,Male,Blonde,Green,Right,25
160,116,25,Male,Gray,Blue,Left,25
183,80,36,Female,Brown,Blue,Left,27
153,99,64,Male,Black,Brown,Left,21
141,69,77,Female,Black,Hazel,Left,21
180,53,32,Male,Red,Hazel,Right,25
200,94,42,Female,Red,Blue,Right,23
141,60,30,Male,Black,Green,Right,28
189,111,19,Male,Blonde,Hazel,Left,25
181,119,63,Female,Gray,Hazel,Right,22
198,58,25,Female,Blonde,Hazel,Left,20
142,80,30,Female,Gray,Green,Left,27
189,100,70,Male,Gray,Brown,Left,26
191,114,28,Male,Red,Green,Right,21
154,52,36,Female,Black,Green,Left,30
147,75,78,Female,Gray,Green,Right,21
190,50,78,Male,Blonde,Hazel,Right,26
163,80,74,Male,Red,Green,Right,22
147,90,80,Female,Red,Green,Left,26
181,63,63,Female,Brown,Blue,Left,30
144,110,29,Female,Red,Brown,Right,20
152,60,78,Female,Brown,Blue,Left,25
194,120,46,Male,Brown,Brown,Left,23
146,106,57,Female,Brown,Green,Left,30
187,74,46,Male,Brown,Green,Left,27
167,83,52,Female,Red,Brown,Right,21
196,60,49,Female,Gray,Hazel,Left,28
180,119,67,Male,Blonde,Hazel,Left,22
160,107,60,Female,Red,Green,Right,26
174,116,39,Female,Gray,Blue,Left,28
183,93,67,Male,Red,Brown,Left,20
188,118,41,Female,Gray,Green,Left,29
185,116,25,Male,Black,Green,Left,26
140,54,59,Female,Red,Green,Right,26
150,113,53,Male,Gray,Green,Right,25
165,43,63,Female,Brown,Blue,Left,22
175,108,38,Male,Red,Green,Left,26
142,90,55,Female,Red,Hazel,Right,27
188,119,52,Male,Black,Hazel,Right,28
144,119,73,Male,Blonde,Hazel,Right,30
183,71,32,Female,Black,Brown,Right,28
154,98,40,Female,Blonde,Green,Left,21
175,112,41,Female,Red,Blue,Right,22
175,56,63,Male,Blonde,Brown,Right,22
161,90,74,Male,Brown,Brown,Left,24
146,53,48,Female,Red,Green,Right,29
184,63,60,Female,Red,Brown,Right,27
156,93,22,Male,Brown,Blue,Right,30
167,77,42,Female,Black,Green,Right,27
200,85,50,Female,Blonde,Blue,Left,30
167,62,77,Female,Red,Hazel,Left,25
162,47,19,Male,Brown,Hazel,Left,29
187,89,28,Female,Red,Green,Right,25
184,63,45,Male,Brown,Green,Right,26
197,106,53,Male,Brown,Blue,Left,23
154,98,30,Male,Blonde,Green,Left,21
151,115,70,Female,Brown,Hazel,Right,24
194,112,36,Male,Red,Green,Right,23
169,111,39,Female,Gray,Hazel,Right,23
176,61,53,Female,Red,Blue,Right,29
160,79,51,Male,Red,Brown,Left,26
176,90,44,Male,Black,Green,Left,28
175,71,44,Female,Brown,Blue,Right,24
157,93,52,Male,Black,Blue,Left,27
168,76,40,Male,Blonde,Green,Right,25
153,67,36,Male,Red,Blue,Right,29
176,117,31,Female,Brown,Green,Left,28
182,115,43,Male,Blonde,Green,Left,29
179,92,74,Female,Black,Brown,Right,22
170,97,60,Male,Red,Brown,Right,28
200,66,64,Male,Blonde,Green,Right,27
182,96,54,Female,Gray,Green,Right,29
188,109,58,Female,Brown,Green,Right,23
198,67,68,Female,Brown,Hazel,Right,20
163,99,60,Male,Red,Blue,Right,25
200,52,22,Male,Blonde,Green,Right,24
196,83,34,Female,Blonde,Hazel,Left,29
161,120,56,Female,Black,Green,Left,28
154,60,39,Male,Blonde,Green,Left,28
179,42,33,Male,Brown,Brown,Left,20
140,73,18,Male,Blonde,Hazel,Right,27
200,55,76,Male,Blonde,Hazel,Left,25
163,57,38,Male,Red,Green,Right,21
158,73,48,Male,Brown,Hazel,Right,27
152,92,38,Female,Blonde,Green,Right,22
200,76,57,Male,Gray,Hazel,Left,28
188,53,46,Male,Gray,Green,Left,22
157,83,58,Male,Blonde,Blue,Left,24
187,45,29,Female,Gray,Green,Right,24
155,41,49,Male,Gray,Blue,Left,27
179,107,25,Male,Brown,Hazel,Left,24
190,117,21,Male,Blonde,Blue,Left,29
144,50,34,Female,Gray,Green,Right,25
140,119,52,Female,Black,Green,Right,20
174,57,75,Female,Red,Green,Left,23
189,89,69,Male,Red,Green,Left,28
161,92,29,Female,Gray,Hazel,Left,21
190,90,77,Female,Blonde,Blue,Left,24
164,115,45,Male,Red,Blue,Left,24
166,62,73,Female,Black,Brown,Left,24
185,102,28,Female,Black,Hazel,Right,21
170,84,24,Female,Blonde,Hazel,Left,24
170,53,21,Male,Brown,Blue,Left,24
169,103,69,Male,Blonde,Hazel,Left,21
193,46,25,Female,Black,Green,Left,24
194,78,38,Female,Brown,Green,Right,22
159,93,45,Male,Gray,Brown,Left,23
148,89,54,Female,Blonde,Hazel,Left,30
165,111,71,Female,Brown,Brown,Right,24
151,89,23,Female,Brown,Hazel,Right,27
191,94,49,Female,Brown,Blue,Right,22
178,101,32,Male,Brown,Hazel,Right,26
183,52,67,Male,Brown,Hazel,Right,30
159,109,32,Male,Gray,Brown,Left,23
164,90,37,Male,Gray,Green,Right,30
155,113,34,Male,Gray,Brown,Left,30
144,76,33,Male,Gray,Blue,Left,28
170,91,34,Male,Brown,Blue,Left,27
171,49,78,Female,Gray,Green,Right,27
143,56,29,Female,Red,Brown,Right,25
174,50,62,Male,Red,Blue,Left,25
164,56,52,Male,Brown,Hazel,Left,20
180,99,53,Male,Blonde,Blue,Right,20
148,107,45,Female,Blonde,Brown,Right,20
153,88,43,Male,Red,Green,Right,26
172,46,25,Female,Brown,Brown,Right,21
146,82,77,Female,Brown,Blue,Left,22
143,114,64,Male,Brown,Blue,Left,26
174,80,35,Female,Blonde,Brown,Left,22
191,79,79,Female,Brown,Brown,Right,21
161,83,43,Female,Gray,Brown,Right,27
164,83,53,Female,Black,Hazel,Left,25
175,109,77,Male,Brown,Hazel,Left,28
158,110,61,Male,Red,Green,Left,29
168,100,80,Male,Blonde,Hazel,Right,20
183,108,19,Male,Blonde,Blue,Right,29
199,71,62,Male,Brown,Hazel,Left,22
169,44,44,Female,Black,Green,Left,26
159,48,31,Female,Red,Blue,Right,30
191,102,76,Female,Blonde,Green,Left,26
152,114,20,Male,Red,Green,Left,20
149,41,23,Female,Gray,Blue,Left,28
173,52,29,Male,Red,Green,Left,29
173,84,63,Male,Red,Green,Right,24
184,68,37,Male,Black,Green,Right,24
152,49,60,Male,Gray,Green,Left,22
184,75,58,Female,Red,Hazel,Left,28
198,78,55,Male,Brown,Hazel,Right,27
142,44,58,Male,Blonde,Brown,Right,27
153,108,65,Female,Brown,Green,Left,27
143,85,68,Male,Brown,Green,Right,25
161,78,34,Female,Gray,Brown,Left,24
166,74,56,Male,Gray,Green,Right,28
179,111,28,Male,Gray,Brown,Left,28
196,62,27,Male,Gray,Green,Left,24
186,94,63,Male,Brown,Hazel,Right,30
171,116,43,Male,Gray,Brown,Right,21
170,101,24,Female,Red,Green,Right,23
189,68,39,Female,Brown,Blue,Left,27
174,99,36,Male,Black,Blue,Right,22
148,54,38,Male,Blonde,Hazel,Right,29
190,73,24,Female,Brown,Blue,Right,29
160,43,70,Male,Black,Green,Left,20
161,58,36,Female,Gray,Green,Right,29
197,88,37,Male,Blonde,Blue,Right,29
155,103,33,Male,Red,Brown,Right,28
175,50,79,Male,Black,Green,Left,21
167,60,49,Male,Gray,Green,Right,22
151,84,75,Female,Blonde,Blue,Right,27
188,105,76,Male,Blonde,Green,Right,28
157,54,44,Female,Gray,Green,Right,29
176,64,61,Female,Blonde,Green,Right,26
162,93,61,Female,Blonde,Brown,Left,21
196,73,35,Female,Black,Green,Left,23
177,102,21,Male,Blonde,Hazel,Left,28
149,89,80,Female,Gray,Brown,Left,29
177,57,48,Female,Brown,Blue,Right,29
198,71,73,Female,Gray,Hazel,Right,27
148,41,36,Female,Brown,Blue,Left,23
197,114,18,Female,Blonde,Hazel,Left,23
186,119,26,Male,Brown,Blue,Left,23
198,82,46,Male,Blonde,Brown,Right,23
200,78,67,Male,Blonde,Brown,Left,25
158,77,80,Male,Red,Blue,Left,20
176,83,35,Female,Brown,Hazel,Right,27
178,108,59,Female,Gray,Brown,Right,26
173,45,66,Female,Red,Hazel,Left,28
141,69,61,Female,Black,Blue,Right,21
191,84,33,Female,Brown,Brown,Right,23
193,81,39,Male,Gray,Hazel,Right,29
159,111,49,Female,Black,Brown,Left,23
152,112,63,Female,Gray,Green,Left,21
155,82,34,Male,Brown,Brown,Right,23
155,59,40,Male,Red,Hazel,Left,28
187,60,67,Male,Blonde,Brown,Left,26
165,97,28,Female,Red,Brown,Left,22
168,55,34,Male,Gray,Blue,Right,28
160,80,69,Male,Gray,Brown,Left,21
181,66,67,Male,Gray,Green,Left,23
142,80,69,Male,Blonde,Blue,Right,24
170,57,32,Female,Blonde,Blue,Right,21
146,76,78,Male,Red,Hazel,Left,22
154,48,56,Female,Red,Blue,Left,20
197,47,27,Female,Red,Hazel,Right,21
172,111,76,Male,Red,Blue,Right,29
191,89,18,Female,Black,Hazel,Left,30
165,80,80,Male,Gray,Green,Right,30
189,90,75,Male,Brown,Blue,Right,20
160,79,28,Female,Blonde,Brown,Right,24
142,69,69,Female,Red,Hazel,Left,21
198,114,42,Female,Blonde,Brown,Right,21
166,62,47,Male,Blonde,Green,Right,26
175,92,35,Female,Gray,Blue,Left,26
169,65,71,Male,Black,Hazel,Left,21
195,42,39,Female,Gray,Blue,Right,27
140,109,78,Female,Red,Blue,Left,26
158,85,70,Male,Blonde,Hazel,Left,20
170,46,57,Male,Gray,Brown,Left,29
169,45,43,Female,Red,Hazel,Left,28
196,71,19,Male,Black,Blue,Left,30
181,70,70,Female,Blonde,Blue,Left,26
145,57,23,Female,Brown,Green,Right,26
143,48,29,Female,Red,Brown,Right,25
144,86,35,Male,Brown,Green,Right,22
169,55,55,Male,Red,Blue,Right,28
155,66,59,Male,Black,Blue,Right,29
165,55,57,Female,Gray,Blue,Left,20
190,83,39,Male,Gray,Hazel,Left,28
172,74,62,Female,Black,Green,Left,25
153,67,34,Male,Blonde,Green,Left,25
167,115,59,Male,Brown,Green,Left,23
171,73,58,Male,Gray,Hazel,Left,27
146,61,22,Female,Blonde,Brown,Left,24
182,120,18,Male,Gray,Green,Left,21
182,97,40,Male,Brown,Blue,Right,20
197,89,48,Female,Black,Brown,Left,28
141,61,47,Male,Gray,Blue,Left,21
156,51,46,Male,Blonde,Blue,Left,26
189,107,79,Male,Black,Blue,Left,21
161,75,57,Male,Blonde,Brown,Left,28
146,95,20,Female,Red,Brown,Right,30
199,106,35,Female,Brown,Blue,Right,25
169,67,42,Male,Brown,Brown,Left,21
176,72,63,Male,Red,Green,Right,30
168,97,56,Male,Brown,Green,Left,23
148,93,25,Female,Gray,Brown,Left,27
174,84,50,Male,Black,Blue,Left,25
192,92,55,Male,Black,Blue,Left,29
167,70,62,Male,Red,Green,Left,27
142,59,20,Female,Gray,Brown,Right,22
147,89,77,Male,Black,Hazel,Right,20
157,56,38,Male,Black,Green,Right,25
196,41,23,Female,Black,Blue,Left,21
188,107,26,Female,Gray,Hazel,Right,30
175,64,22,Female,Blonde,Hazel,Left,23
155,40,27,Female,Brown,Brown,Right,20
154,95,53,Female,Blonde,Brown,Right,26
153,67,33,Male,Red,Blue,Left,29
149,69,24,Male,Blonde,Blue,Right,25
155,114,79,Male,Gray,Blue,Right,22
179,109,46,Male,Black,Blue,Right,28
173,90,70,Male,Brown,Hazel,Left,28
140,72,40,Male,Brown,Brown,Right,26
148,73,43,Male,Gray,Blue,Left,21
152,64,52,Female,Brown,Blue,Right,24
172,56,20,Male,Red,Green,Left,21
182,111,43,Male,Gray,Green,Left,26
180,120,28,Female,Blonde,Blue,Left,28
199,83,29,Female,Blonde,Green,Left,21
176,106,72,Female,Blonde,Green,Left,21
156,84,68,Female,Black,Brown,Right,21
163,116,55,Female,Red,Hazel,Right,28
187,117,35,Male,Gray,Green,Right,20
155,76,71,Male,Red,Brown,Right,28
171,72,29,Female,Blonde,Green,Right,22
158,71,55,Female,Red,Hazel,Left,23
170,43,26,Female,Red,Green,Right,22
165,77,53,Female,Brown,Hazel,Right,28
187,112,78,Male,Black,Brown,Right,23
189,85,64,Female,Brown,Green,Left,22
198,53,69,Female,Gray,Brown,Right,27
195,99,75,Male,Red,Hazel,Left,24
196,82,79,Male,Black,Blue,Right,23
158,85,25,Female,Blonde,Brown,Right,21
197,102,39,Female,Red,Green,Right,20
150,75,78,Female,Brown,Hazel,Left,25
179,51,39,Female,Black,Hazel,Right,25
164,96,24,Female,Black,Blue,Right,30
153,58,58,Female,Gray,Brown,Left,25
157,65,42,Male,Red,Green,Left,27
153,79,48,Male,Brown,Brown,Right,28
165,58,30,Male,Black,Hazel,Right,27
179,81,63,Male,Blonde,Blue,Left,30
161,92,69,Male,Red,Hazel,Left,29
143,43,53,Male,Gray,Blue,Left,23
147,88,24,Male,Brown,Blue,Left,21
161,45,51,Male,Black,Blue,Left,28
141,106,76,Male,Red,Hazel,Right,22
159,101,55,Male,Blonde,Blue,Right,26
180,117,60,Male,Brown,Hazel,Left,27
164,70,74,Female,Black,Blue,Left,25
174,98,40,Female,Gray,Brown,Right,23
176,73,77,Female,Blonde,Blue,Left,26
191,81,68,Male,Blonde,Brown,Left,28
182,105,57,Female,Red,Blue,Left,23
198,66,76,Male,Gray,Blue,Right,22
142,77,37,Male,Brown,Brown,Right,28
160,73,22,Male,Red,Blue,Left,20
192,71,51,Female,Black,Blue,Right,24
167,44,30,Female,Red,Hazel,Left,23
190,41,42,Male,Black,Brown,Right,20
167,112,38,Male,Gray,Brown,Left,28
187,87,40,Female,Red,Green,Left,26
145,103,51,Female,Gray,Brown,Right,21
183,83,41,Female,Black,Green,Left,27
180,89,64,Male,Red,Blue,Right,25
180,74,64,Male,Gray,Blue,Left,22
193,70,47,Male,Gray,Blue,Right,29
164,100,70,Female,Blonde,Blue,Left,28
194,48,56,Female,Gray,Hazel,Left,23
143,105,63,Female,Red,Green,Left,25
191,63,67,Male,Red,Blue,Right,28
158,103,47,Female,Blonde,Green,Right,20
164,69,73,Female,Gray,Hazel,Left,27
156,55,52,Male,Black,Hazel,Left,20
166,120,48,Male,Blonde,Brown,Left,24
158,90,36,Female,Gray,Hazel,Right,22
155,68,46,Female,Brown,Hazel,Left,20
161,52,22,Female,Gray,Green,Right,29
162,119,43,Female,Blonde,Blue,Right,28
181,104,40,Male,Gray,Hazel,Left,20
190,40,51,Female,Brown,Brown,Right,27
186,40,19,Male,Gray,Hazel,Left,30
185,90,34,Male,Brown,Brown,Left,22
173,43,66,Male,Red,Green,Right,28
162,103,60,Male,Red,Brown,Right,26
157,102,34,Female,Blonde,Blue,Right,21
199,69,22,Male,Red,Green,Left,20
196,48,70,Female,Gray,Brown,Left,24
160,50,72,Female,Blonde,Hazel,Left,26
147,119,61,Male,Black,Blue,Right,24
148,53,69,Male,Blonde,Brown,Right,24
196,56,39,Male,Blonde,Brown,Left,22
172,113,75,Female,Black,Blue,Left,24
165,118,20,Female,Red,Green,Left,28
196,92,66,Female,Red,Blue,Right,23
141,47,56,Male,Gray,Brown,Left,21
189,53,56,Male,Blonde,Hazel,Right,21
165,40,18,Female,Black,Brown,Right,29
158,116,77,Male,Brown,Blue,Left,22
191,91,80,Female,Gray,Brown,Left,25
152,87,49,Male,Gray,Brown,Left,25
156,113,55,Male,Black,Hazel,Right,30
180,118,64,Female,Blonde,Blue,Left,20
166,54,19,Male,Red,Blue,Left,28
186,120,78,Male,Red,Hazel,Left,25
155,98,72,Male,Brown,Brown,Right,22
200,49,39,Female,Brown,Blue,Left,26
142,75,35,Male,Brown,Brown,Left,28
179,63,63,Female,Black,Green,Right,29
158,65,32,Female,Gray,Hazel,Right,29
185,42,57,Female,Brown,Brown,Right,24
188,91,43,Female,Blonde,Hazel,Left,30
171,78,38,Female,Black,Hazel,Left,29
151,75,54,Male,Blonde,Blue,Left,21
164,115,45,Male,Red,Brown,Right,25
167,47,80,Male,Gray,Green,Right,24
148,54,67,Female,Gray,Green,Right,21
154,56,76,Female,Blonde,Blue,Right,27
156,93,77,Male,Black,Green,Left,26
153,108,71,Male,Blonde,Blue,Left,25
143,97,45,Male,Red,Green,Left,30
183,43,72,Female,Red,Green,Left,20
142,116,72,Female,Black,Brown,Left,26
160,79,35,Female,Blonde,Brown,Left,22
163,103,46,Male,Gray,Hazel,Left,28
177,96,55,Male,Blonde,Green,Right,27
176,57,52,Female,Black,Green,Left,21
172,118,23,Male,Red,Green,Left,26
187,107,29,Male,Blonde,Green,Left,28
161,67,69,Female,Blonde,Green,Right,22
172,63,46,Female,Red,Brown,Right,30
140,45,25,Male,Red,Hazel,Left,29
140,68,21,Male,Red,Hazel,Left,29
165,59,36,Male,Brown,Hazel,Left,24
198,62,57,Male,Black,Blue,Right,23
171,74,51,Male,Red,Hazel,Right,20
149,78,31,Male,Brown,Blue,Right,21
156,64,71,Female,Gray,Green,Right,22
144,110,74,Male,Blonde,Hazel,Left,22
150,89,59,Female,Black,Hazel,Right,30
188,79,49,Female,Black,Hazel,Left,20
140,60,54,Male,Blonde,Green,Right,24
174,64,27,Female,Gray,Green,Right,26
195,92,25,Male,Blonde,Green,Right,22
197,107,37,Female,Black,Green,Left,21
152,117,60,Male,Brown,Hazel,Right,30
152,45,41,Male,Brown,Blue,Left,30
144,56,80,Male,Red,Green,Right,21
176,106,69,Male,Brown,Brown,Left,25
161,81,19,Female,Blonde,Brown,Left,24
192,59,29,Female,Red,Brown,Left,23
146,107,53,Male,Blonde,Blue,Right,20
189,50,66,Female,Brown,Hazel,Right,22
142,61,64,Female,Blonde,Hazel,Right,20
194,45,54,Female,Blonde,Blue,Left,24
148,80,62,Male,Black,Hazel,Left,22
157,94,48,Male,Black,Blue,Left,22
198,108,52,Male,Blonde,Hazel,Left,27
176,75,27,Female,Black,Hazel,Right,30
162,112,34,Male,Black,Brown,Left,26
156,83,19,Male,Gray,Brown,Left,21
180,74,71,Female,Red,Brown,Left,25
178,51,58,Female,Black,Hazel,Left,23
187,73,55,Female,Brown,Hazel,Right,29
141,57,54,Male,Brown,Hazel,Left,29
173,85,40,Female,Gray,Blue,Right,25
167,47,30,Male,Blonde,Blue,Right,25
166,106,44,Female,Brown,Green,Right,22
182,42,59,Male,Gray,Brown,Left,20
164,87,80,Male,Gray,Green,Right,30
153,41,55,Male,Blonde,Hazel,Left,22
189,87,27,Female,Gray,Hazel,Right,30
193,118,62,Male,Blonde,Hazel,Left,24
170,80,21,Female,Red,Green,Left,21
153,53,64,Female,Black,Blue,Right,27
143,62,61,Male,Red,Blue,Right,26
163,44,37,Male,Blonde,Blue,Left,27
149,110,24,Male,Black,Blue,Left,23
165,53,38,Male,Black,Brown,Left,20
198,53,60,Male,Brown,Blue,Right,22
170,96,18,Male,Red,Green,Right,26
169,117,53,Male,Red,Brown,Right,23
149,84,55,Female,Black,Blue,Left,30
172,63,79,Male,Blonde,Brown,Right,26
162,50,40,Female,Brown,Hazel,Left,28
174,107,73,Female,Red,Blue,Left,30
178,99,59,Male,Red,Green,Left,21
145,112,40,Male,Gray,Hazel,Right,23
185,90,69,Male,Gray,Blue,Right,25
160,93,51,Female,Brown,Hazel,Left,26
187,54,18,Male,Brown,Hazel,Right,29
182,86,47,Male,Brown,Brown,Left,20
147,81,48,Male,Gray,Blue,Right,30
150,82,43,Male,Red,Blue,Left,22
175,97,18,Male,Black,Blue,Right,29
188,75,53,Male,Blonde,Brown,Left,28
151,52,19,Female,Blonde,Blue,Right,30
182,68,45,Female,Gray,Hazel,Left,30
198,71,57,Female,Brown,Blue,Left,27
181,63,69,Male,Blonde,Brown,Left,21
183,119,70,Male,Red,Blue,Left,21
167,82,72,Male,Red,Brown,Left,27
149,65,48,Female,Blonde,Hazel,Right,30
188,74,34,Female,Red,Brown,Right,25
159,88,68,Female,Red,Green,Left,29
199,47,48,Male,Blonde,Blue,Left,22
153,103,69,Male,Blonde,Brown,Right,28
164,89,47,Female,Brown,Green,Left,29
179,66,32,Male,Black,Blue,Left,22
170,52,44,Male,Blonde,Brown,Right,22
194,80,62,Male,Brown,Brown,Right,21
200,96,18,Female,Black,Brown,Left,27
193,60,44,Female,Brown,Brown,Right,21
140,114,78,Male,Black,Green,Right,20
166,107,77,Male,Black,Hazel,Left,28
152,90,63,Male,Blonde,Brown,Right,30
177,80,50,Male,Red,Brown,Left,29
189,40,51,Male,Black,Green,Left,29
144,75,76,Female,Red,Hazel,Right,21
186,82,73,Female,Gray,Brown,Right,28
158,50,77,Female,Blonde,Green,Left,29
141,43,49,Female,Blonde,Green,Right,29
196,41,66,Female,Blonde,Green,Right,22
188,112,59,Male,Red,Hazel,Right,28
175,91,58,Female,Brown,Hazel,Left,21
150,47,58,Female,Blonde,Blue,Right,20
190,90,61,Female,Brown,Green,Right,24
176,89,49,Female,Gray,Green,Left,24
174,101,80,Female,Gray,Blue,Right,25
200,67,56,Male,Gray,Green,Left,23
181,118,70,Male,Red,Brown,Left,30
166,53,21,Female,Black,Hazel,Left,26
175,104,55,Female,Blonde,Brown,Left,26
142,111,80,Male,Brown,Hazel,Right,23
191,48,63,Female,Red,Green,Right,23
178,72,25,Male,Brown,Green,Left,25
157,114,72,Female,Black,Blue,Left,26
164,109,20,Male,Blonde,Green,Right,22
145,113,71,Female,Black,Brown,Right,20
144,112,63,Female,Red,Blue,Right,28
184,47,73,Male,Red,Blue,Right,27
196,79,41,Male,Red,Brown,Left,25
166,78,51,Male,Red,Green,Right,26
185,112,69,Male,Gray,Brown,Left,27
196,69,42,Male,Red,Hazel,Right,21
188,48,48,Male,Red,Blue,Left,30
185,44,45,Female,Black,Brown,Right,28
150,102,24,Female,Blonde,Hazel,Right,22
157,91,39,Female,Brown,Hazel,Right,23
147,103,54,Female,Black,Green,Right,25
196,59,68,Male,Gray,Brown,Left,28
144,48,58,Female,Blonde,Green,Left,26
154,49,47,Male,Red,Blue,Right,30
185,115,62,Female,Blonde,Green,Left,29
185,101,18,Male,Gray,Hazel,Left,23
171,60,65,Male,Brown,Brown,Left,21
189,76,33,Male,Black,Blue,Right,21
181,58,36,Male,Red,Hazel,Right,25
163,118,52,Female,Blonde,Green,Right,26
197,60,58,Female,Blonde,Blue,Right,20
142,89,19,Male,Blonde,Hazel,Right,27
193,112,77,Female,Gray,Hazel,Left,28
158,102,73,Male,Red,Green,Right,23
189,101,21,Female,Black,Green,Right,27
178,97,43,Female,Gray,Green,Right,30
196,52,20,Female,Gray,Blue,Left,21
179,40,24,Male,Gray,Blue,Right,24
163,107,49,Male,Gray,Blue,Right,21
154,105,61,Male,Black,Blue,Left,22
150,56,46,Female,Gray,Hazel,Left,29
168,104,47,Female,Blonde,Brown,Left,29
146,83,78,Female,Black,Green,Right,28
166,111,19,Female,Red,Hazel,Right,25
154,46,37,Female,Blonde,Hazel,Left,24
164,116,30,Male,Blonde,Hazel,Right,26
179,55,44,Female,Red,Brown,Left,27
144,61,29,Male,Black,Green,Left,22
169,42,40,Female,Black,Blue,Right,21
145,68,30,Male,Black,Brown,Left,29
141,69,47,Male,Blonde,Blue,Left,30
184,61,78,Female,Brown,Brown,Left,26
150,53,34,Female,Blonde,Blue,Left,22
160,95,38,Male,Gray,Brown,Left,20
158,61,67,Female,Red,Green,Left,25
178,98,18,Male,Blonde,Hazel,Right,28
197,102,45,Female,Blonde,Brown,Left,20
172,59,53,Male,Brown,Brown,Right,25
200,117,66,Male,Black,Brown,Right,30
143,114,37,Female,Black,Blue,Right,26
192,92,53,Female,Gray,Green,Right,24
160,61,18,Female,Brown,Brown,Left,23
146,64,41,Female,Brown,Green,Right,25
174,68,43,Male,Black,Hazel,Right,25
141,50,59,Male,Gray,Brown,Left,24
189,106,29,Female,Gray,Green,Right,27
192,106,27,Female,Red,Brown,Left,24
157,57,40,Female,Black,Hazel,Left,22
159,67,74,Male,Blonde,Blue,Right,22
178,75,30,Female,Blonde,Brown,Left,29
171,61,23,Female,Black,Brown,Left,27
194,70,78,Female,Blonde,Hazel,Left,25
180,53,74,Male,Blonde,Blue,Left,22
164,79,43,Male,Red,Hazel,Right,22
165,84,52,Male,Red,Blue,Right,29
163,111,38,Male,Gray,Brown,Right,26
165,45,59,Female,Brown,Blue,Right,21
141,62,51,Male,Black,Green,Right,22
170,51,72,Male,Gray,Brown,Right,22
143,71,71,Male,Gray,Hazel,Left,22
190,70,19,Female,Red,Green,Right,29
157,74,31,Male,Brown,Brown,Right,27
140,85,66,Female,Gray,Green,Right,25
177,86,61,Female,Gray,Hazel,Right,27
169,120,33,Female,Red,Brown,Left,27
160,56,20,Female,Red,Hazel,Right,25
197,118,38,Female,Blonde,Green,Right,21
195,95,75,Male,Red,Hazel,Left,26
150,49,62,Female,Black,Brown,Right,25
148,115,78,Male,Brown,Blue,Right,30
193,80,55,Male,Black,Blue,Right,27
189,70,74,Female,Red,Hazel,Right,30
166,73,49,Male,Blonde,Blue,Left,22
171,113,50,Male,Black,Blue,Right,26
163,76,37,Female,Black,Blue,Left,29
200,46,64,Female,Gray,Brown,Right,28
140,46,61,Male,Blonde,Hazel,Left,21
181,76,48,Female,Gray,Green,Right,30
151,86,22,Female,Black,Brown,Left,21
193,65,76,Female,Brown,Hazel,Right,26
178,106,23,Male,Red,Hazel,Left,27
160,67,51,Male,Brown,Blue,Right,25
186,107,68,Female,Black,Green,Right,30
158,60,39,Female,Gray,Blue,Right,30
200,74,40,Female,Brown,Brown,Right,21
183,57,35,Male,Red,Blue,Left,29
163,89,22,Male,Gray,Blue,Left,24
197,74,30,Female,Gray,Blue,Left,29
156,44,24,Female,Black,Brown,Right,26
152,91,30,Male,Black,Brown,Left,23
173,109,44,Male,Black,Green,Left,29
184,104,23,Female,Brown,Brown,Left,29
174,105,52,Female,Brown,Blue,Right,20
153,66,68,Female,Black,Brown,Left,23
198,100,78,Female,Gray,Green,Left,22
172,93,69,Female,Red,Green,Left,23
156,82,60,Male,Gray,Blue,Right,23
156,77,41,Male,Red,Brown,Left,23
182,59,76,Male,Black,Brown,Left,21
186,83,27,Male,Blonde,Green,Left,28
195,65,53,Male,Brown,Blue,Left,29
185,59,19,Male,Red,Brown,Right,29
194,83,38,Female,Blonde,Green,Right,21
173,92,56,Female,Red,Hazel,Left,24
154,90,51,Male,Gray,Blue,Right,24
166,101,53,Male,Black,Blue,Left,22
176,98,24,Male,Black,Blue,Left,27
178,48,24,Female,Red,Hazel,Left,26
183,106,72,Female,Red,Blue,Right,30
176,59,56,Male,Brown,Green,Right,23
182,107,78,Female,Red,Blue,Right,23
185,57,43,Male,Black,Green,Left,29
153,100,21,Male,Black,Blue,Left,23
189,94,45,Male,Blonde,Green,Right,30
174,79,24,Male,Gray,Hazel,Right,22
157,71,70,Male,Gray,Hazel,Left,23
161,59,50,Female,Brown,Hazel,Left,21
183,95,54,Female,Gray,Brown,Right,29
162,64,68,Male,Blonde,Brown,Left,29
186,85,37,Female,Brown,Blue,Right,24
167,98,55,Male,Blonde,Blue,Right,27
140,81,67,Male,Red,Green,Right,25
152,106,32,Female,Brown,Brown,Left,28
168,48,30,Female,Brown,Hazel,Right,24
145,119,68,Female,Brown,Blue,Left,20
149,75,78,Female,Brown,Blue,Left,26
190,69,29,Male,Black,Blue,Right,28
190,97,75,Male,Blonde,Hazel,Right,24
154,64,18,Male,Black,Green,Right,24
183,70,42,Female,Brown,Green,Left,28
196,55,32,Male,Red,Hazel,Left,29
163,88,22,Male,Red,Hazel,Right,28
161,40,64,Female,Gray,Hazel,Right,28
173,63,70,Male,Gray,Brown,Left,28
157,57,71,Female,Black,Brown,Right,20
183,42,55,Female,Red,Hazel,Right,24
189,94,80,Female,Red,Blue,Right,21
191,94,57,Female,Gray,Brown,Left,23
143,90,22,Female,Brown,Brown,Left,24
200,45,20,Male,Blonde,Blue,Right,21
143,63,78,Male,Brown,Brown,Left,25
150,97,21,Male,Brown,Blue,Right,25
154,41,33,Female,Blonde,Blue,Right,20
174,91,75,Male,Brown,Green,Left,20
190,46,48,Male,Black,Brown,Right,25
164,82,48,Male,Red,Brown,Right,30
176,89,26,Male,Black,Green,Left,28
199,63,67,Female,Gray,Green,Right,22
186,90,61,Male,Black,Hazel,Left,24
175,88,80,Female,Red,Blue,Right,23
168,56,54,Female,Blonde,Brown,Right,24
187,109,53,Male,Brown,Blue,Left,26
175,60,25,Male,Red,Green,Right,25
140,71,48,Female,Black,Green,Right,26
150,74,27,Female,Black,Brown,Right,22
168,46,61,Female,Black,Hazel,Left,27
166,90,72,Female,Red,Blue,Left,26
164,113,25,Female,Gray,Brown,Left,29
149,82,39,Male,Gray,Hazel,Left,24
195,73,37,Female,Gray,Blue,Left,27
177,80,34,Female,Blonde,Brown,Right,30
159,55,63,Male,Red,Blue,Left,26
179,83,71,Male,Blonde,Hazel,Left,27
152,84,30,Male,Blonde,Brown,Left,23
165,43,47,Female,Blonde,Blue,Right,28
155,109,51,Male,Blonde,Hazel,Right,20
186,94,59,Female,Black,Brown,Left,24
147,40,66,Male,Brown,Green,Right,26
151,117,60,Female,Blonde,Green,Left,20
150,92,49,Female,Black,Hazel,Right,27
167,95,70,Female,Red,Green,Right,30
162,74,58,Female,Blonde,Hazel,Right,20
181,90,68,Male,Brown,Brown,Left,23
183,81,55,Male,Gray,Hazel,Right,23
169,89,76,Female,Blonde,Brown,Left,20
195,40,23,Male,Gray,Blue,Right,28
156,107,22,Female,Black,Green,Left,30
140,120,65,Female,Blonde,Green,Left,27
178,111,18,Female,Red,Brown,Left,20
171,108,25,Female,Blonde,Blue,Right,30
144,90,54,Male,Black,Blue,Left,28
163,95,57,Female,Black,Blue,Left,24
141,59,24,Female,Blonde,Brown,Left,22
156,64,67,Male,Gray,Hazel,Right,24
157,54,63,Male,Gray,Hazel,Right,27
185,51,72,Female,Red,Blue,Left,23
194,87,67,Female,Blonde,Blue,Left,26
173,43,65,Female,Red,Brown,Right,22
200,67,60,Male,Red,Blue,Left,21
179,61,18,Male,Gray,Green,Right,29
175,79,19,Male,Red,Brown,Right,25
174,94,76,Female,Red,Hazel,Right,20
169,74,47,Male,Blonde,Brown,Right,20
144,113,49,Female,Blonde,Green,Left,30
184,59,63,Female,Gray,Green,Left,22
196,64,60,Male,Red,Hazel,Right,21
171,56,61,Female,Red,Green,Left,26
165,120,79,Female,Blonde,Hazel,Left,28
171,60,63,Male,Red,Brown,Left,27
198,49,65,Male,Gray,Blue,Right,26
195,48,65,Male,Gray,Green,Right,27
188,106,80,Male,Blonde,Brown,Right,22
186,86,55,Male,Brown,Green,Right,30
148,59,44,Male,Red,Blue,Left,29
174,64,32,Female,Red,Hazel,Right,24
200,106,21,Female,Blonde,Hazel,Right,21
161,107,74,Female,Red,Green,Left,27
190,81,70,Male,Gray,Hazel,Right,21
167,68,62,Male,Brown,Blue,Left,27
184,41,53,Male,Blonde,Brown,Left,26
174,76,60,Male,Gray,Brown,Left,20
162,84,52,Female,Red,Green,Right,30
185,111,68,Female,Blonde,Brown,Left,26
196,50,70,Male,Black,Green,Left,28
184,90,22,Male,Red,Brown,Right,29
198,87,22,Female,Red,Hazel,Left,27
168,86,51,Male,Brown,Blue,Left,20
160,59,44,Male,Gray,Green,Left,23
188,79,53,Male,Blonde,Blue,Right,24
188,48,56,Female,Red,Blue,Left,25
164,106,65,Female,Blonde,Blue,Right,28
150,77,29,Male,Red,Blue,Left,28
185,116,18,Female,Blonde,Brown,Left,20
194,76,43,Male,Black,Hazel,Left,23
185,86,26,Male,Gray,Brown,Right,20
196,85,47,Female,Brown,Green,Left,28
174,69,55,Male,Brown,Brown,Right,24
192,101,80,Female,Black,Blue,Right,26
190,44,58,Male,Red,Hazel,Left,26
200,44,26,Female,Gray,Hazel,Left,21
195,71,60,Male,Brown,Brown,Left,21
174,111,77,Male,Red,Hazel,Left,21
145,41,32,Female,Red,Green,Right,20
196,98,41,Female,Red,Blue,Left,20
153,50,45,Female,Gray,Green,Right,27
148,77,19,Male,Black,Blue,Left,24
154,91,75,Female,Brown,Blue,Right,27
177,86,34,Male,Black,Brown,Right,28
168,86,77,Male,Blonde,Blue,Left,24
188,62,19,Female,Red,Brown,Left,25
147,45,61,Male,Black,Hazel,Right,25
169,80,52,Male,Gray,Hazel,Left,21
191,47,42,Male,Red,Hazel,Left,24
182,109,36,Female,Brown,Green,Left,27
199,56,35,Female,Gray,Brown,Right,27
198,82,76,Male,Blonde,Blue,Right,29
177,46,50,Female,Black,Hazel,Left,21
165,96,44,Female,Blonde,Blue,Left,27
160,46,47,Female,Red,Brown,Right,20
156,66,78,Female,Blonde,Hazel,Right,22
186,79,32,Male,Blonde,Hazel,Left,27
175,111,28,Male,Red,Green,Right,29
175,80,18,Female,Black,Hazel,Left,27
167,74,72,Female,Black,Green,Left,25
191,61,75,Male,Gray,Brown,Left,30
162,118,24,Female,Gray,Hazel,Right,23
150,49,54,Female,Brown,Blue,Left,25
194,55,71,Male,Brown,Green,Right,30
196,96,56,Male,Black,Green,Right,29
176,41,36,Male,Blonde,Green,Right,21
170,49,45,Male,Brown,Green,Right,21
158,68,47,Male,Red,Hazel,Left,20
159,88,31,Male,Black,Brown,Left,24
164,91,44,Female,Gray,Hazel,Left,29
162,68,72,Female,Blonde,Green,Left,22
153,84,66,Female,Brown,Hazel,Right,29
144,86,33,Female,Brown,Blue,Right,22
177,67,64,Male,Gray,Hazel,Left,28
155,108,20,Male,Brown,Green,Left,30
190,63,49,Female,Gray,Blue,Right,29
170,82,52,Female,Brown,Blue,Right,20
165,114,56,Male,Brown,Blue,Left,30
178,54,66,Female,Black,Hazel,Right,23
166,43,57,Female,Red,Blue,Right,23
174,95,57,Male,Black,Green,Right,24
148,72,80,Female,Blonde,Green,Right,26
149,118,70,Male,Blonde,Green,Right,23
160,96,23,Male,Black,Blue,Right,20
167,112,18,Male,Gray,Green,Right,27
168,89,29,Male,Black,Blue,Left,24
171,48,35,Male,Black,Green,Right,24
171,55,66,Female,Gray,Brown,Right,25
169,91,20,Female,Black,Hazel,Right,21
192,53,54,Male,Black,Brown,Right,29
188,68,36,Female,Brown,Green,Left,27
140,92,52,Female,Gray,Green,Right,25
140,104,30,Female,Gray,Blue,Right,30
150,52,58,Female,Brown,Brown,Left,30
191,40,29,Male,Blonde,Blue,Left,24
142,45,51,Male,Blonde,Brown,Left,24
163,46,46,Male,Blonde,Blue,Right,30
166,91,78,Female,Black,Green,Right,28
145,66,67,Male,Black,Blue,Right,24
158,86,29,Male,Black,Blue,Right,26
141,92,48,Male,Blonde,Green,Right,20
165,71,76,Female,Blonde,Blue,Left,26
148,111,58,Male,Gray,Blue,Left,25
144,105,63,Female,Black,Hazel,Left,28
182,60,21,Male,Black,Hazel,Left,23
171,86,78,Male,Red,Green,Right,22
182,57,39,Male,Gray,Hazel,Left,30
159,85,48,Male,Brown,Green,Left,21
173,115,60,Female,Red,Hazel,Left,22
160,117,19,Female,Brown,Green,Left,23
147,87,67,Female,Gray,Blue,Right,24
157,73,80,Male,Red,Brown,Right,28
155,93,78,Male,Black,Brown,Left,20
163,93,40,Female,Brown,Hazel,Left,23
185,42,74,Female,Black,Green,Right,24
140,82,55,Female,Blonde,Green,Left,22
176,45,23,Male,Blonde,Green,Right,23
165,87,45,Female,Red,Green,Right,23
149,101,32,Male,Red,Blue,Left,22
155,115,49,Female,Blonde,Hazel,Right,22
172,80,51,Female,Blonde,Brown,Left,28
167,80,43,Female,Black,Green,Right,29
196,98,49,Female,Gray,Hazel,Left,21
185,51,50,Female,Gray,Hazel,Left,29
140,50,27,Female,Brown,Hazel,Right,23
184,93,80,Male,Black,Hazel,Left,27
141,58,67,Male,Red,Green,Right,28
197,91,20,Male,Black,Hazel,Right,30
152,73,77,Female,Blonde,Hazel,Right,21
145,66,52,Female,Gray,Brown,Right,25
152,108,34,Female,Gray,Blue,Right,20
176,60,22,Female,Red,Blue,Right,20
194,53,29,Male,Black,Brown,Left,29
193,113,28,Male,Gray,Hazel,Left,24
196,44,39,Female,Blonde,Hazel,Right,26
160,107,72,Female,Red,Brown,Right,24
144,51,46,Female,Red,Green,Right,26
162,65,23,Female,Red,Hazel,Right,28
162,103,23,Female,Red,Blue,Left,26
146,100,19,Female,Red,Blue,Right,25
176,81,43,Male,Black,Hazel,Right,27
153,62,70,Male,Brown,Green,Left,25
185,54,64,Male,Red,Brown,Left,28
160,106,76,Male,Red,Brown,Right,27
195,42,45,Female,Red,Green,Left,21
142,42,54,Male,Brown,Green,Left,20
166,55,63,Male,Red,Green,Left,27
145,93,23,Female,Gray,Brown,Right,30
158,101,30,Male,Blonde,Brown,Right,29
187,114,19,Male,Black,Blue,Left,25
195,81,67,Female,Gray,Hazel,Left,23
175,40,79,Female,Red,Brown,Left,24
196,94,58,Female,Red,Brown,Right,24
181,109,51,Male,Blonde,Green,Left,22
169,61,30,Female,Gray,Brown,Right,29
189,77,66,Male,Black,Brown,Right,21
156,85,27,Female,Red,Hazel,Right,27
175,43,80,Female,Brown,Brown,Left,27
145,92,62,Male,Blonde,Green,Right,28
195,81,53,Female,Gray,Hazel,Left,22
181,88,41,Female,Black,Green,Left,30
189,46,54,Male,Black,Blue,Right,22
185,81,49,Male,Gray,Brown,Left,23
154,40,70,Female,Red,Green,Left,26
189,46,43,Female,Red,Blue,Right,28
194,44,76,Male,Black,Hazel,Left,24
199,112,30,Male,Brown,Blue,Right,30
188,113,35,Female,Blonde,Blue,Right,22
192,60,67,Female,Blonde,Brown,Right,27
185,108,22,Female,Red,Blue,Left,28
177,62,64,Male,Blonde,Green,Left,25
171,83,56,Female,Gray,Green,Left,20
185,68,76,Male,Gray,Hazel,Right,25
178,65,28,Male,Red,Brown,Right,20
166,69,62,Female,Red,Green,Right,23
146,111,75,Female,Brown,Brown,Left,20
154,62,28,Male,Blonde,Blue,Right,27
173,92,46,Female,Black,Green,Right,23
191,59,42,Female,Black,Green,Right,28
163,78,56,Male,Brown,Brown,Left,26
180,119,18,Female,Black,Green,Left,21
199,51,32,Female,Blonde,Brown,Left,23
148,91,51,Male,Brown,Brown,Left,28
187,54,55,Female,Blonde,Brown,Left,20
169,117,22,Male,Blonde,Hazel,Right,21
185,63,44,Male,Blonde,Hazel,Left,25
179,83,55,Male,Black,Blue,Right,24
150,79,59,Female,Blonde,Blue,Left,20
173,65,58,Female,Red,Blue,Left,29
146,97,37,Female,Black,Blue,Left,21
198,96,23,Female,Red,Blue,Left,28
189,43,60,Female,Gray,Blue,Left,23
196,105,79,Male,Black,Blue,Right,24
157,60,50,Male,Gray,Green,Left,26
172,80,43,Female,Black,Blue,Left,24
189,83,70,Male,Black,Green,Right,20
199,92,43,Male,Gray,Green,Left,25
156,108,51,Female,Red,Brown,Left,28
195,87,62,Male,Red,Blue,Right,26
183,47,64,Female,Red,Blue,Left,23
153,77,53,Male,Red,Brown,Left,26
162,48,18,Male,Brown,Blue,Right,20
185,54,61,Male,Gray,Blue,Right,26
156,56,70,Male,Red,Blue,Left,21
200,81,32,Male,Red,Green,Right,30
149,106,59,Male,Red,Blue,Left,29
199,100,50,Female,Blonde,Brown,Right,28
156,44,39,Female,Red,Hazel,Right,20
186,43,27,Male,Brown,Brown,Left,24
174,69,21,Female,Red,Brown,Right,26
181,74,48,Female,Red,Green,Left,27
153,114,32,Male,Red,Hazel,Left,22
154,50,58,Female,Black,Green,Left,20
184,90,79,Male,Black,Brown,Left,22
168,108,33,Female,Brown,Brown,Left,25
182,118,30,Female,Blonde,Green,Right,29
180,55,25,Male,Gray,Hazel,Left,25
181,60,72,Male,Black,Blue,Right,26
160,63,48,Male,Blonde,Blue,Left,25
180,70,32,Male,Blonde,Hazel,Left,28
156,59,35,Male,Black,Green,Left,27
170,59,50,Female,Red,Hazel,Right,23
150,108,76,Male,Blonde,Hazel,Left,23
166,88,74,Female,Brown,Blue,Right,21
178,41,32,Female,Brown,Brown,Left,23
189,91,72,Female,Brown,Hazel,Right,21
188,51,49,Female,Blonde,Blue,Left,24
174,66,48,Male,Blonde,Blue,Left,21
170,89,68,Female,Black,Blue,Left,21
170,98,23,Male,Blonde,Green,Right,28
158,93,45,Female,Gray,Brown,Right,30
141,82,62,Female,Blonde,Green,Left,29
175,72,35,Female,Brown,Brown,Right,22
177,41,63,Female,Blonde,Green,Left,23
169,61,35,Male,Red,Green,Left,21
185,107,77,Female,Red,Green,Left,26
153,116,20,Male,Blonde,Green,Right,24
160,107,74,Male,Brown,Hazel,Right,25
179,107,20,Female,Red,Blue,Left,27
158,91,42,Male,Black,Green,Right,24
167,82,59,Male,Red,Hazel,Left,27
192,96,20,Male,Red,Blue,Right,29
189,40,26,Female,Black,Blue,Left,21
161,45,28,Female,Brown,Hazel,Right,21
165,66,69,Female,Black,Blue,Left,27
149,118,65,Male,Blonde,Hazel,Right,28
